Entity,Code,Year,Construction,Foodstuffs,Leather,Wool/Textiles,Coal,Iron,Tin,Metals and Mining,Printed books
England,,1270,15.87,10.01,48.33,32.62,,,,,
England,,1271,15.89,9.92,47.69,30.93,,,,,
England,,1272,15.91,10.73,46.96,29.84,,,,,
England,,1273,15.93,9.56,46.92,30.61,,,,,
England,,1274,15.95,9.44,46.49,31.36,,,,,
England,,1275,15.98,12.01,46.51,31.94,,,,,
England,,1276,16,9.75,45.76,29.25,,,,,
England,,1277,16.02,11.15,46.86,27.56,,,,,
England,,1278,16.04,12.18,46.29,23.75,,,,,
England,,1279,16.07,8.94,46.86,20.77,,,,,
England,,1280,16.71,9.39,47.48,18.61,,,,,
England,,1281,16.81,10.69,47.77,16.48,,,,,
England,,1282,16.9,10.27,48.2,15.68,,,,,
England,,1283,16.99,9.33,48.56,16.31,,,,,
England,,1284,17.09,10.21,48.01,13.23,,,,,
England,,1285,17.19,10.66,47.74,11.2,,,,,
England,,1286,17.28,10.3,46.28,12.8,,,,,
England,,1287,17.38,12.08,44.85,12.59,,,,,
England,,1288,17.48,11.62,44.05,11.09,,,,,
England,,1289,17.58,10.26,43.98,9.66,,,,,
England,,1290,17.57,10.41,45.38,10.32,,,,,
England,,1291,17.56,10.25,46.95,12.03,,,,,
England,,1292,17.56,10.89,47.77,15.42,,,,,
England,,1293,17.55,11.03,49.83,18.75,,,,,
England,,1294,17.55,10.75,50.37,20.56,,,,,
England,,1295,17.54,11.79,51.17,23.76,,,,,
England,,1296,17.54,12.45,51.63,25.42,,,,,
England,,1297,17.53,11.58,51.87,23.59,,,,,
England,,1298,17.53,13.04,51.63,19.09,,,,,
England,,1299,17.53,11.99,52.71,21.8,,,,,
England,,1300,17.08,11.77,53.65,22.16,,,,,
England,,1301,17.07,12.29,54.06,17.81,,,19.54,12.45629282,
England,,1302,17.07,12.12,54.15,24.93,,,23.1,14.72716019,
England,,1303,17.07,12.6,54.22,27.14,,,27.31,17.41202222,
England,,1304,17.06,10.89,54.91,20.8,,,24.23,15.44758894,
England,,1305,17.06,11.74,55.86,14.89,,,26.61,16.96556011,
England,,1306,17.05,11.33,55.17,12.63,,,26.96,17.18879117,
England,,1307,17.05,12.18,54.92,16.28,,,26.49,16.8858417,
England,,1308,17.04,12.21,55.07,20.25,,,26.02,16.58823166,
England,,1309,17.04,12.64,55.03,22.87,,,25.56,16.29586695,
England,,1310,17.59,12.11,54.2,25.12,,,25.62,16.33479269,
England,,1311,17.58,12.75,53.46,26.58,,,25.68,16.37381141,
England,,1312,17.58,12.26,52.74,24.82,,,25.74,16.41292334,
England,,1313,17.57,12.68,52.02,24.74,,,25.81,16.45212869,
England,,1314,17.57,12.25,51.08,33.38,,,25.81,16.45212869,
England,,1315,17.56,9.85,50.21,36.06,,,25.14,16.02798968,
England,,1316,17.37,8.96,49.14,34.44,,,23.11,14.73324957,
England,,1317,17.18,9.81,48.44,36.92,,,16.67,10.62579818,
England,,1318,16.99,11.88,48.17,33.97,,,18.21,11.6082843,
England,,1319,16.8,11.83,47.84,35.83,,,19.77,12.60249247,
England,,1320,17.05,11.2,46.79,31.96,,,21.41,13.64977788,
England,,1321,16.87,8.53,45.9,24.38,,,23.14,14.75376486,
England,,1322,16.69,9.19,45.56,27.91,,,24.97,15.91841232,
England,,1323,16.51,9.8,45.18,25.87,,,26.9,17.14801316,
England,,1324,16.33,8.41,44.36,20.59,,,30.95,19.73362518,
England,,1325,16.16,9.81,42.58,17.96,,,32.98,21.02524663,
England,,1326,16.26,10.12,41.61,18.71,,,35.14,22.40140834,
England,,1327,16.35,9.77,42.29,20.09,,,37.44,23.86764373,
England,,1328,16.45,8.53,42.78,20.87,,,39.89,25.42984835,
England,,1329,16.55,9.53,42.69,18.23,,,42.5,27.09430368,
England,,1330,16.31,9.42,42.45,13.18,,,45.28,28.8677023,
England,,1331,16.41,8.77,42.94,10.64,,,48.24,30.75717487,
England,,1332,16.51,9.9,43.21,6.37,,,51.4,32.77031874,
England,,1333,16.61,10.65,43.61,8.27,,,44.61,28.43963629,
England,,1334,16.71,10.16,44.93,10.02,,,40.76,25.9840947,
England,,1335,16.82,9.56,43.81,5.98,,,46.64,29.73437641,
England,,1336,16.92,10.08,45.47,14.48,,,46.57,29.6897302,
England,,1337,17.02,11.51,47.39,29.21,,,43.14,27.50206587,
England,,1338,17.13,11.96,49.44,31.21,,,38.38,24.46612353,
England,,1339,17.23,8.96,50.62,16.09,,,32.88,20.96139598,
England,,1340,17.12,11.15,51.6,17.04,,,32.88,20.96139598,
England,,1341,17.22,10.65,53.05,29.01,,,36.2,23.08209099,
England,,1342,17.33,11.65,53.66,29.83,,,36.2,23.08209099,
England,,1343,17.44,11.09,55.5,33.52,,,33.01,21.04324737,
England,,1344,17.55,12.68,55.01,35.26,,,29.81,19.00440374,
England,,1345,17.66,11.48,55.39,32.15,,,26.61,16.96556011,
England,,1346,17.77,10.52,57.63,32.83,,,23.41,14.92671648,
England,,1347,17.88,11.59,58.05,31.72,,,20.21,12.88787286,
England,,1348,17.99,12.31,58.52,32.85,,,17.02,10.84902923,
England,,1349,15.05,7.05,57.4,33.85,,,13.82,8.810185602,
England,,1350,11.99,5.93,56.45,33.97,,,10.62,6.771341974,
England,,1351,10.04,5.05,55.93,32.49,,,7.42,4.732498347,
England,,1352,10.02,5.32,55.2,33.94,,,10.85,6.920162677,
England,,1353,10.01,5.08,54.69,40.84,,,11.9,7.589855839,
England,,1354,10,4.94,53.55,29.51,,,13.24,8.438133845,
England,,1355,9.99,5.47,52.88,21.81,,,15.55,9.911458802,
England,,1356,9.98,4.91,55.22,33,,,16.46,10.49185954,
England,,1357,9.97,5.11,55.7,31.08,,,16.88,10.75973681,
England,,1358,9.96,5.24,55.15,28.7,,,17.12,10.91270544,
England,,1359,9.94,5.25,54.26,31.58,,,17.36,11.06784879,
England,,1360,10.04,5.16,53.79,31.11,,,17.61,11.22519778,
England,,1361,10.03,4.8,53.37,31.98,,,17.86,11.38478376,
England,,1362,10.02,4.81,52.61,27.21,,,11.76,7.500563418,
England,,1363,10.01,4.68,51.37,24.01,,,12.68,8.086731641,
England,,1364,10,5.33,49.22,33.18,,,13.68,8.718708849,
England,,1365,9.99,4.88,49.92,32.41,,,14.74,9.400075006,
England,,1366,9.98,5.33,49.82,26.65,,,15.9,10.13468986,
England,,1367,9.97,4.67,49.77,27.33,,,18.03,11.49447023,
England,,1368,9.96,4.55,48.97,28.61,,,20.45,13.03669356,
England,,1369,9.94,4.11,48.29,25.44,,,19.57,12.47887404,
England,,1370,9.93,5.07,48.94,26.3,,,18.74,11.94492275,
England,,1371,9.92,4.9,47.88,22.57,,,17.93,11.43381838,
England,,1372,9.91,4.33,47.08,15.43,,,17.17,10.94458336,
England,,1373,9.9,5.01,46.15,14.37,,,16.43,10.47628193,
England,,1374,9.89,4.35,46.06,13.47,,,15.73,10.02801839,
England,,1375,9.88,4.07,46.66,12.38,,,15.06,9.598935326,
England,,1376,9.87,5.13,46.6,13.86,,,17.99,11.47025369,
England,,1377,9.86,5.18,45.71,18.31,,,21.5,13.70638672,
England,,1378,9.81,4.95,45.3,15.55,,,25.21,16.0726359,
England,,1379,9.77,4.23,44.53,14.19,,,26.25,16.73841473,
England,,1380,9.51,4.32,43.82,18.64,,,27.34,17.4317722,
England,,1381,9.46,4.44,43.85,17.98,,,28.47,18.15385071,
England,,1382,9.42,4.66,43.73,17.44,,,29.65,18.90583997,
England,,1383,9.38,4.1,44.67,20.61,,,30.88,19.68897897,
England,,1384,9.34,4.98,46.07,20.69,,,32.7,20.84978045,
England,,1385,9.29,4.13,47.34,20.23,,,33.89,21.60876604,
England,,1386,9.25,4.82,46.82,22.11,,,40.76,25.9840947,
England,,1387,9.21,4.87,47.54,18.79,,,42.44,27.05560376,
England,,1388,9.17,4.17,46.68,18.55,,,41.64,26.54562927,
England,,1389,9.13,4.26,46.89,23.65,,,40.85,26.04526735,
England,,1390,9.09,3.73,46.84,21.78,,,40.08,25.55433682,
England,,1391,9.05,4.6,46.52,23.45,,,39.33,25.07265989,
England,,1392,9.01,5.42,46.52,29.03,,,38.59,24.60006216,
England,,1393,8.97,3.88,46.52,24.43,,,38.59,24.60006216,
England,,1394,8.93,4.55,47.67,23.83,,,40.76,25.9840947,
England,,1395,8.89,4.07,48.03,25.49,,,41.95,26.74308028,
England,,1396,8.85,4.05,47.49,26.27,,,41.46,26.43055681,
England,,1397,8.81,3.8,47.14,26.36,,,45.03,28.70751356,
England,,1398,8.77,4.3,46.74,26.22,,,44.68,28.4842825,
England,,1399,8.73,3.86,47.21,26.85,,,47.3,30.15421076,
England,,1400,8.25,3.6,46.86,27.07,,,50.07,31.92204074,
England,,1401,8.26,3.54,48.02,26.41,,,49.21,31.37134736,
England,,1402,8.27,3.79,48.36,23.87,,,48.36,30.8301541,
England,,1403,8.29,3.91,48.75,25.4,,,47.52,30.29829708,
England,,1404,8.3,4.01,49.27,26.66,,,46.7,29.77561522,
England,,1405,8.31,4.1,49.14,24.97,,,45.9,29.26195025,
England,,1406,8.32,3.62,46.93,22.22,,,45.11,28.75714662,
England,,1407,8.34,3.67,46.48,21.93,,,44.33,28.26105145,
England,,1408,8.35,3.14,44.27,21.59,,,44.41,28.31442492,
England,,1409,8.36,3.43,43.41,19.34,,,44.5,28.36789919,
England,,1410,8.15,3.92,43.59,18.47,,,44.58,28.42147445,
England,,1411,8.17,3.68,43.68,21.45,,,44.66,28.4751509,
England,,1412,8.18,3.52,42.24,21.53,,,44.75,28.52892871,
England,,1413,8.19,2.97,42.46,17.87,,,42.93,27.36812723,
England,,1414,8.2,3.57,44.42,23.17,,,49.65,31.65416347,
England,,1415,8.22,3.55,43.58,28.93,,,48.39,30.85053168,
England,,1416,8.23,3.33,43.82,29.73,,,45.52,29.02003703,
England,,1417,8.24,4.03,46.71,30.77,,,39.88,25.42679121,
England,,1418,8.25,3.72,47.12,30.42,,,34.94,22.2784592,
England,,1419,8.27,4.06,47.8,31.46,,,35.89,22.87915673,
England,,1420,8.39,3.86,46.54,31.3,,,36.85,23.49605095,
England,,1421,8.4,3.31,45.41,32.09,,,37.85,24.12957859,
England,,1422,8.42,3.54,43.75,31.82,,,38.87,24.78018814,
England,,1423,8.43,3.94,44.09,30.26,,,39.92,25.44834017,
England,,1424,8.44,4.13,44.34,29.22,,,36.62,23.34996826,
England,,1425,8.45,3.81,43.04,29.69,,,39.5,25.1804629,
England,,1426,8.47,3.71,42.25,28.34,,,36.55,23.30532205,
England,,1427,8.48,3.65,42.67,25.02,,,36.13,23.03744478,
England,,1428,8.49,3.43,42.57,21.43,,,31.65,20.18008729,
England,,1429,8.51,3.52,43.39,23.16,,,37.54,23.930369,
England,,1430,8.63,3.72,43.34,25.15,,,35.85,22.85885994,
England,,1431,8.63,3.66,45.45,26.75,,,37.75,24.06430763,
England,,1432,8.63,3.7,45.98,25.31,,,32.49,20.71584182,
England,,1433,8.62,3.86,47.21,27.38,,,31.51,20.09079487,
England,,1434,8.62,4.08,48.61,32.74,,,34.59,22.05522815,
England,,1435,8.62,3.48,46.65,26.81,,,28.92,18.43888507,
England,,1436,8.62,3.2,44.61,21.28,,,31.16,19.86756382,
England,,1437,8.62,2.86,44.93,25.75,,,25.63,16.34051316,
England,,1438,8.61,3.01,45.67,27.37,,,29.97,19.10857823,
England,,1439,8.61,3.31,46.28,27.57,,,29.41,18.75140854,
England,,1440,8.5,3.65,45.85,19.23,,,26.4,16.83162148,
England,,1441,8.5,2.89,46.57,17.81,,,28.36,18.08171538,
England,,1442,8.5,2.92,47.71,25.68,,,24.09,15.35829652,
England,,1443,8.49,4.27,47.51,22.6,,,26.96,17.18879117,
England,,1444,8.49,4.42,47.59,17.68,,,26.79,17.07681088,
England,,1445,8.49,3.24,47.46,22.29,,,26.61,16.96556011,
England,,1446,8.49,3.68,48.09,21.03,,,26.33,16.78697527,
England,,1447,8.49,3.77,48.66,21.92,,,30.25,19.28716307,
England,,1448,8.49,3.92,49.32,24.36,,,28.57,18.21565401,
England,,1449,8.48,3.32,50.01,25.21,,,30.04,19.15322444,
England,,1450,8.48,3.53,50.14,23.97,,,29.2,18.61746991,
England,,1451,8.53,3.66,51.27,22.79,,,27.17,17.3227298,
England,,1452,8.57,3.59,49.2,23.96,,,26.96,17.18879117,
England,,1453,8.61,3.68,49.09,24.26,,,26.47,16.87626769,
England,,1454,8.66,3.67,48.63,26.26,,,26.4,16.83162148,
England,,1455,8.7,3.74,48.61,23.69,,,25.77,16.42980558,
England,,1456,8.75,3.82,48.58,24.03,,,25.7,16.38515937,
England,,1457,8.79,3.17,48.45,26.94,,,25.12,16.015679,
England,,1458,8.84,3.66,48.84,24.85,,,24.55,15.65453029,
England,,1459,8.88,3.7,48.28,22.47,,,24,15.30152538,
England,,1460,9.04,3.69,47.6,24.92,,,23.46,14.95648062,
England,,1461,9.08,3.74,47.92,24.47,,,23.84,15.20005147,
England,,1462,9.13,4.49,47.62,23.51,,,24.23,15.44758894,
England,,1463,9.18,4.59,48.15,25.05,,,23.88,15.22435789,
England,,1464,9.22,3.95,49.01,22.81,,,23.6,15.04577305,
England,,1465,9.27,3.73,50.09,22.64,,,27.03,17.23343738,
England,,1466,9.32,3.53,50.87,22.81,,,33.96,21.65341225,
England,,1467,9.37,3.82,51.1,21.52,,,33.96,21.65341225,
England,,1468,9.41,4.25,51.34,20.44,,,33.18,21.15660465,
England,,1469,9.46,4.17,51.5,20.15,,,32.42,20.67119561,
England,,1470,9.84,3.93,51.83,20.25,,,34.73,22.14452057,
England,,1471,9.89,3.56,51.9,23.85,,,32.49,20.05027261,
England,,1472,9.94,3.77,51.81,22.76,,,35.71,22.03801515,
England,,1473,9.99,3.85,51.98,20.33,,,35.02,21.60662016,
England,,1474,10.04,4.23,52.16,21.13,,,34.33,21.18366974,
England,,1475,10.09,4.06,52.38,20.56,,,33.66,20.76899859,
England,,1476,10.14,3.56,52.54,18.58,,,33,20.36244465,0.19
England,,1477,10.19,3.79,52.56,21.22,,,32.35,19.96384902,0.39
England,,1478,10.24,3.97,52.88,23.61,,,33.26,20.52560234,0.13
England,,1479,10.29,4.54,53.12,20.46,,,33.39,20.60595482,0.23
England,,1480,10.67,4.8,53.42,20.41,,,33.52,20.68662186,0.48
England,,1481,10.72,4.42,53.69,20.08,,,33.66,20.76760469,0.42
England,,1482,10.77,4.06,54.15,19.96,,,33.79,20.84890455,0.29
England,,1483,10.83,4.28,54.94,23.15,,,33.92,20.93052268,1
England,,1484,10.88,4.28,55.01,23.91,,,34.05,21.01246031,0.39
England,,1485,10.93,3.86,54.79,23.07,,,34.19,21.09471872,0.52
England,,1486,10.98,5.01,53.8,21.19,,,34.32,21.17729914,0.16
England,,1487,11.04,4.37,53.19,19.03,,,34.45,21.26020285,0.16
England,,1488,11.09,4.51,53.09,18.69,,,36.61,22.58936992,0.1
England,,1489,11.15,4.65,52.98,18.41,,,38.76,23.91853698,0.16
England,,1490,11.2,4.57,52.83,18.42,,6.82,40.92,25.24770405,0.58
England,,1491,11.25,4.65,43.77,21.23,,7.03,42.19,26.03318817,0.29
England,,1492,11.31,4.61,44.06,24.09,,7.05,42.28,26.08929418,0.16
England,,1493,11.36,4.53,44.16,22.69,,7.07,42.42,26.1734532,0.32
England,,1494,11.42,5.06,44.7,21.07,,7.09,42.51,26.22955921,0.35
England,,1495,11.48,5.06,45.47,19.47,,6.92,39.99,24.67393461,0.32
England,,1496,11.53,4.79,45.8,17.55,,7.54,42.19,26.03581804,1.13
England,,1497,11.59,5.25,46.05,18.79,,8.17,44.31,27.33920428,0.9
England,,1498,11.64,5.32,46.3,20.16,,8.19,43.06,26.57184311,0.68
England,,1499,11.7,5.41,46.55,21.4,,8.21,41.93,25.87288168,1.23
England,,1500,11.32,5.26,46.8,22.91,,7.85,38.94,24.02926894,1.71
England,,1501,11.35,4.8,47.05,22.58,,9.01,43.47,26.82536471,0.35
England,,1502,11.39,5.27,47.31,21.53,,9.02,42.38,26.15360722,1.1
England,,1503,11.42,5.83,47.56,21.04,,9.04,41.39,25.5381705,0.68
England,,1504,11.45,5.8,47.82,22.67,,9.25,41.11,25.36532332,0.68
England,,1505,11.49,5.86,48.08,23.4,,9.27,42.06,25.95205758,1.9
England,,1506,11.52,5.88,48.34,24.17,,9.29,43.01,26.54183341,0.87
England,,1507,11.56,5.63,48.6,24.55,,9.31,44.05,27.1791127,1
England,,1508,11.59,5.87,48.86,23.02,8.76,9.51,46,28.3872729,1.71
England,,1509,11.63,6.52,49.12,22.88,7.23,9.54,47.15,28.26668019,1.74
England,,1510,11.44,5.95,49.39,23.13,7.63,9.55,48.31,29.06950613,2.93
England,,1511,11.48,6.21,49.66,23.03,8.46,9.57,49.57,30.12167992,1
England,,1512,11.51,5.45,49.92,24.2,9.38,9.59,50.84,31.22688224,1.16
England,,1513,11.55,5.87,50.19,25.58,10.39,9.61,52.22,32.43389368,1.26
England,,1514,11.59,5.75,50.46,25.19,10.76,9.82,54.68,33.90709031,0.9
England,,1515,11.62,6.08,50.74,24.92,11.15,9.84,56.23,34.90606862,2.06
England,,1516,11.66,5.95,51.01,25.05,11.55,9.88,55.32,34.61471764,1.23
England,,1517,11.69,5.97,51.29,25.01,11.96,9.94,55.39,34.84673489,2.03
England,,1518,11.73,6.04,51.56,25.53,12.39,9.98,54.41,34.53218169,1.77
England,,1519,11.77,5.93,51.84,24.35,12.83,10.23,55.88,35.51644346,1.45
England,,1520,11.91,5.78,52.12,23.27,13.29,10.27,56.09,35.84393354,2.9
England,,1521,11.95,5.85,52.4,24.49,13.76,10.49,63.03,39.72183004,2.32
England,,1522,11.99,6.43,52.68,26.75,14.25,10.9,48.32,32.20480484,1.81
England,,1523,12.12,6.45,52.97,28.14,14.76,10.93,55.18,36.0621276,1.84
England,,1524,12.25,6.63,53.26,28.41,15.29,11.15,59.87,38.78407037,1.03
England,,1525,12.38,6.6,53.54,29.28,15.84,11.94,59.66,38.93173414,2.77
England,,1526,12.51,6.88,53.83,29.46,16.4,11.98,58.19,38.42437917,2.19
England,,1527,12.64,5.77,54.12,28.17,16.99,12.03,61.34,40.36216434,2.48
England,,1528,12.78,6.11,54.41,28.09,17.59,12.08,60.08,39.98497929,2.51
England,,1529,12.91,6.45,54.71,29.88,18.22,12.12,57.98,39.17521687,1.81
England,,1530,13.05,6.81,55,30.37,18.87,12.17,55.46,38.15465984,3.58
England,,1531,13.19,6.32,55.3,30.72,19.55,12.21,55.6,38.54740767,2.13
England,,1532,13.33,6.95,55.6,31.56,20.25,13.99,55.53,38.84084155,2.51
England,,1533,13.47,6.94,55.9,32.05,20.97,13.87,54.97,38.88775763,2.87
England,,1534,13.61,7.92,56.2,31.98,21.72,14.84,57,40.31229752,2.8
England,,1535,13.76,6.83,56.5,31.43,22.49,14.74,54.76,39.49843056,2.77
England,,1536,13.9,7.03,56.81,31.19,23.3,14.83,47.13,35.85616537,2.32
England,,1537,14.05,8.49,57.12,31.55,24.13,14.93,48.32,36.87722413,2.42
England,,1538,14.2,7.36,57.42,32.49,24.99,15.02,51.54,38.98252739,3.26
England,,1539,14.35,8.88,57.73,32.29,25.89,14.92,54.76,41.10239852,2.74
England,,1540,14.5,8.31,58.05,31.7,26.81,15.62,55.04,41.68476535,3.74
England,,1541,14.56,7.51,58.36,31.72,27.77,17.55,59.48,44.47856227,1.84
England,,1542,14.76,8.44,58.67,31.62,28.76,17.55,57.28,43.79063893,2.77
England,,1543,14.85,8.04,58.99,32.21,29.79,17.55,48.6,39.70071148,2.84
England,,1544,15.02,8.81,59.31,36.36,30.85,18.34,52.66,42.34444325,2.8
England,,1545,15,7.88,59.63,36.56,31.95,21.3,54.52,43.84372213,3.58
England,,1546,14.99,7.98,59.95,36.76,33.1,23.46,56.37,45.3616265,3.77
England,,1547,15.01,9.67,60.28,36.96,34.28,23.46,56.09,45.77328854,4.19
England,,1548,15.23,9.2,60.6,37.16,35.5,29.56,47.27,41.70279783,7.99
England,,1549,15.39,8.73,60.93,37.37,36.77,29.56,38.45,37.65300096,5.54
England,,1550,15.6,8.52,61.26,37.57,38.08,30.55,42.22,40.26236339,7.64
England,,1551,15.99,8.69,55.75,33.48,39.44,31.69,46.72,43.27769914,4.22
England,,1552,16.27,7.98,54.16,33.67,40.85,32.67,51.63,46.52986073,4.42
England,,1553,16.57,11.42,52.56,33.86,38.76,35.63,60.64,50.29047241,5.13
England,,1554,16.88,9.78,54.22,34.07,36.77,35.63,56.02,46.91361453,3.45
England,,1555,17.19,10.15,56.16,31.19,34.88,36.61,52.73,44.28623762,4.48
England,,1556,17.64,7.32,54.79,28.63,11.72,37.6,52.52,33.22072663,3.45
England,,1557,17.78,9.18,55.05,28.8,11.56,40.55,52.72,33.24969484,2.9
England,,1558,17.57,14.07,59.22,35.81,11.41,40.55,49.29,31.37269552,2.68
England,,1559,17.2,11.52,59.28,38.67,11.26,43.51,49.66,31.49479137,3.64
England,,1560,17.25,10.4,66.49,52.75,11.11,44.78,48.17,30.63725056,5.25
England,,1561,17.55,11.3,63.52,49.74,10.96,49.22,50.07,31.56882652,4.58
England,,1562,17.93,11.52,65.38,50.79,10.81,51.19,45.9,29.30391357,5.19
England,,1563,18.29,14.08,68.23,51.13,10.67,53.16,41.74,27.03992448,4.61
England,,1564,18.55,13.46,64.98,47.49,10.52,56.8,47.55,30.03548565,2.84
England,,1565,18.97,13.86,66.45,47.78,10.38,56.89,45.38,28.82503519,4.29
England,,1566,19.32,16.91,71.19,52.55,11.42,56.51,46.99,30.16563005,4.51
England,,1567,19.73,15.44,68.77,50.93,10.64,57.51,52.45,32.67270253,4.45
England,,1568,20.21,16.48,68.58,50.81,12.45,60.48,36.55,25.1519094,3.71
England,,1569,20.56,15.97,69.73,53.89,9.6,62.46,52.31,32.10750536,4.77
England,,1570,20.9,13.84,73.7,57.01,13.2,64.03,39.99,27.31492454,8.41
England,,1571,21.21,14.51,71.04,55.78,16.47,66.62,36.06,26.79794239,4.87
England,,1572,21.63,13.4,74.46,59.96,16.42,67.61,35.64,26.5513942,5.64
England,,1573,21.98,17.47,78.04,63.76,16.37,70.6,38.45,28.0023715,5.67
England,,1574,22.34,13.49,80.84,65.38,16.32,83.43,37.11,27.27608785,5.29
England,,1575,22.79,17.33,79.74,65.82,16.89,84.43,40.9,29.54084933,7.06
England,,1576,23.26,18.86,77.82,66.45,17.49,87.99,44.96,31.96280906,5.67
England,,1577,23.78,13.46,76.95,67.1,18.1,90.08,46.15,32.88168222,7
England,,1578,24.29,18.86,76.71,67.7,18.74,88.93,40.13,30.00984949,6.93
England,,1579,24.77,19.5,70.77,60.5,19.4,91.29,44.4,32.57335499,8.09
England,,1580,25.31,17.9,69.25,58.06,20.08,97,51.4,36.58707903,9.93
England,,1581,25.78,18.16,64.92,49.63,20.79,101.11,47.83,35.03989145,9.12
England,,1582,26.34,16.1,58.19,37.88,21.53,98.95,47.13,35.01751781,6.38
England,,1583,26.97,21.82,53.18,35.63,22.28,99.67,46.36,34.97045952,7.83
England,,1584,27.59,21.19,50.62,35.93,23.07,100.48,45.59,34.93604993,8.32
England,,1585,28.1,16.47,50.58,36.27,23.88,105.22,46.64,35.87420578,10.57
England,,1586,28.71,14.18,57.72,52.48,20.47,105.24,45.94,33.89113419,7.7
England,,1587,29.15,19.62,53.24,45.49,17.06,106.25,44.75,31.64974351,7.35
England,,1588,29.35,23.94,54.82,50.19,19.25,108.19,46.57,33.64597371,7.67
England,,1589,29.95,18.91,52.47,49.66,21.72,112.89,43.07,32.97080803,9.41
England,,1590,30.64,21.74,53.23,50.08,24.51,116.49,44.26,34.91845266,10.64
England,,1591,30.99,19.73,63.76,64.14,27.66,118.64,48.04,38.40114111,9.9
England,,1592,31.36,23.44,65.04,62.18,32.01,121.38,49.58,41.26814414,9.77
England,,1593,31.67,26.94,65.2,60.07,35.5,121.24,44.4,40.18846777,6.87
England,,1594,32.29,17.8,61.56,54.91,39.64,120.3,48.04,44.06830832,8.74
England,,1595,33.03,19.14,58.59,50.09,37.76,121.76,50.91,44.69128372,10.64
England,,1596,33.6,17.34,58.16,50.4,41.32,121.24,46.08,43.82597971,10.15
England,,1597,33.93,15.52,58.53,53.67,39.61,121.99,39.22,39.40262234,8.87
England,,1598,34.06,22.34,65.5,61.85,40.96,121.51,33.33,36.94040616,9.16
England,,1599,34.73,29.76,65.87,63.64,42.35,121.15,37.89,39.99839406,9.61
England,,1600,35.52,26.99,67.18,65.51,43.79,118.94,39.99,41.78722246,12.99
England,,1601,36.21,26.28,69.78,69.4,45.28,120.32,45.1,45.18606762,8.51
England,,1602,36.74,29.31,68.65,68.4,46.83,119.38,51.68,49.38385899,10.32
England,,1603,37.23,33.35,70.22,72.36,48.42,121.88,41.25,44.63909273,14.18
England,,1604,37.63,37.49,73.03,73.78,50.07,121.59,43.21,46.45175866,12.77
England,,1605,38.39,30.88,75.82,70.49,51.77,122.65,41.53,46.37200495,11.67
England,,1606,39.07,33.2,83.62,78.9,53.53,120.9,39.29,46.02445414,12.77
England,,1607,39.85,30.64,74.74,60.6,55.35,127.84,38.52,46.4802186,14.86
England,,1608,40.52,27.4,78.29,60.83,56.22,129.57,40.62,47.99686693,11.51
England,,1609,41.2,39.39,76.99,55.71,53.6,133.48,39.01,45.90839485,13.57
England,,1610,41.66,45.2,75.14,53.62,50.98,136.89,38.31,44.29965823,12.31
England,,1611,42.26,38.83,77.31,53.94,48.36,136.39,41.11,44.536058,11.83
England,,1612,42.82,39.48,62.08,36.14,53.41,136.53,40.76,46.74411733,13.83
England,,1613,43.36,35.01,66.65,46.11,56.26,137.71,42.72,49.12438306,15.25
England,,1614,43.72,32.08,69.8,47.69,55.28,137.77,43.56,49.10471392,13.7
England,,1615,44.41,38.33,71.1,49.17,55.84,140.96,45.29,50.27891027,16.89
England,,1616,44.93,34.35,72.15,52.66,52.6,138.78,45.32,48.76188258,14.7
England,,1617,45.35,42.39,71.19,50.25,56.47,141.12,46.86,51.40274131,13.25
England,,1618,46.01,42.81,69.19,48.1,62.11,140.22,47.35,54.33154474,16.22
England,,1619,46.82,38.7,62.26,37.24,64.66,140.35,48.21,55.99105622,15.15
England,,1620,47.64,52.74,61.66,35.56,67.2,142.01,49.64,57.94865688,18.09
England,,1621,48.61,50.98,67.55,44.95,81.19,140.99,50.17,64.84339675,15.76
England,,1622,49.87,40.49,68.11,45.05,70.31,139.97,50.71,59.9854147,17.25
England,,1623,50.6,38.32,73.21,50.69,79.77,141.18,52.1,65.19181682,16.31
England,,1624,50.7,51.37,76.27,52.92,45.94,137.13,51.57,48.90260935,17.47
England,,1625,51.03,51.81,71.54,50.35,62.19,137.2,52.59,57.13350647,20.73
England,,1626,50.81,47.38,68.03,50.6,63.63,135.39,50.54,56.73002877,13.09
England,,1627,51.6,50.39,60.42,43.7,65.09,134.88,49.07,56.64715463,14.96
England,,1628,53.1,64.72,59.82,45.64,66.59,134.63,47.76,56.66554275,17.28
England,,1629,54.39,36.87,55.08,46.69,68.12,134.17,46.44,56.69777771,16.25
England,,1630,54.67,35.77,51.63,46.6,72.87,139.52,47.15,59.31574991,21.21
England,,1631,54.75,37.27,51.82,46.54,77.61,138.44,45.7,60.7968005,18.7
England,,1632,55.9,49.43,51.5,45.83,82.35,134.37,43.36,61.80448063,16.25
England,,1633,57.78,44.19,53.55,44.74,87.58,134.94,42.58,63.86798963,18.73
England,,1634,58.96,49.95,48.53,37.55,74.51,132.63,40.95,56.82153403,17.25
England,,1635,59.71,53.69,48.76,37.75,77.01,132.53,40.05,57.53343247,21.7
England,,1636,58.92,48.77,48.19,37.39,71.89,133.07,39.38,54.75884628,17.34
England,,1637,60.65,47.72,48.2,36.98,78.11,132.68,38.47,57.2210926,17.44
England,,1638,60.76,53.07,56.57,49,91.68,132.1,37.54,63.14487163,18.96
England,,1639,61.78,59.02,57.29,49.64,51.04,135.45,37.75,44.03220973,17.76
England,,1640,62.31,63.63,60.24,49.42,30.62,134.58,37.61,34.30174852,25.56
England,,1641,61.86,46.87,62.64,51.97,36.62,127.64,35.92,36.25220062,67.31
England,,1642,63.13,57.7,59.69,42.02,43.79,126.06,38.03,40.75070358,132.75
England,,1643,64.58,67.19,65.39,45.88,52.36,121.12,25.42,38.16366406,70.63
England,,1644,64.48,70.36,62.81,40.61,62.61,114.68,8.54,34.11960372,45.26
England,,1645,65.37,53.99,61.45,35.78,63.94,108.33,22.13,41.90579813,44
England,,1646,65.71,54.53,64.87,38.97,65.29,104.58,10.99,36.67860589,47.61
England,,1647,67.32,54.61,66.24,41.06,66.67,111.72,13.52,38.661003,64.47
England,,1648,67.79,55.98,69.06,43.84,68.09,117.38,,32.20651985,79.08
England,,1649,68.42,50.91,75.53,45.96,69.53,119.74,15.76,41.19553791,58.16
England,,1650,68.94,43.84,79.88,50.93,71,117,16.11,42.07669629,51.61
England,,1651,69.43,49.67,79.36,52.11,72.5,109.81,15.86,42.65132798,40.84
England,,1652,71.08,65.98,83.02,57.73,74.04,106.89,16.22,43.56899826,40.78
England,,1653,71.57,82.17,82.97,59.28,75.61,104.15,16.65,44.53789537,47.87
England,,1654,71.16,76.81,81.86,68.64,77.21,105.8,17.87,45.93825343,44.29
England,,1655,72.86,86.63,83.68,69.48,74.17,107.47,19.24,45.22648527,44.71
England,,1656,73.35,76.96,77.79,60.69,71.26,108.59,20.68,44.60713649,43.55
England,,1657,73.99,68.37,76.37,60.9,68.46,107.23,21.82,43.88053558,43.94
England,,1658,73.54,60.38,78.45,60.58,100.47,106.93,23.35,59.82963873,45.65
England,,1659,73.37,47.19,60.34,30.85,87.59,105.86,24.94,54.57755464,70.34
England,,1660,73.66,57.65,62.82,30.68,87.44,104.65,26.77,55.47093598,102.16
England,,1661,74.72,57.27,68.4,44.27,101.85,105.63,29.56,63.7532215,57.19
England,,1662,74.24,61.53,66.88,44.03,93.64,106.56,32.9,61.63129274,46
England,,1663,74.32,71.06,89.47,85.16,101.4,107.74,37.1,67.51760061,47.2
England,,1664,76.01,67.04,87.25,84.97,63.45,106.32,41.39,51.82595868,43.29
England,,1665,75.72,73.56,85.41,84.39,42.99,105.08,47.05,45.12856785,41.23
England,,1666,76.98,93.48,85.13,85.07,54.4,103.49,54.52,54.45921567,31.72
England,,1667,75.77,88.38,84.8,84.15,96.31,99.72,63.8,79.17418476,34.04
England,,1668,77.85,71.14,85.72,85.35,89.92,100.77,56.62,72.36943089,37.2
England,,1669,78.39,78.75,78.45,76.43,98.64,103.09,49.44,72.71245493,36.23
England,,1670,78.9,72.19,77.56,76.59,100.85,102.96,54.48,76.41332824,54.29
England,,1671,79,69.49,72.61,69.31,80.16,103.65,62.32,70.76287009,51.74
England,,1672,79.35,65.2,77.57,75.06,83.16,106.74,55.53,68.60091962,58.99
England,,1673,80.46,67.42,75.91,73.94,90.77,106.92,66.95,78.2170786,58.93
England,,1674,81.33,61.21,73.9,71.9,103.4,106.57,44.47,72.34568907,68.47
England,,1675,81.98,62.23,73.01,67.98,101.33,103.28,80.88,90.55364532,66.96
England,,1676,82.59,92.01,77.43,74.35,103.09,104.17,78.57,90.17075441,61.44
England,,1677,83.38,73.98,78.46,74.56,113.28,104.06,94.12,103.1800143,61.93
England,,1678,84.3,84.71,74.71,69.18,105.95,103.84,91.6,98.38517429,66.89
England,,1679,84.72,73.8,71.63,64.96,107.7,102.45,74.3,90.0976129,83.56
England,,1680,84.94,94.7,69.48,62.06,117.36,101.88,81.3,98.36084976,95.1
England,,1681,84.65,72,73.14,70.6,102.06,98.04,82.7,91.86182028,90.33
England,,1682,82.87,76.02,73.5,73.04,113.1,98.02,95.52,103.8370974,86.52
England,,1683,83.34,90.78,77.77,73.16,110.98,98.02,98.53,104.4181079,84.91
England,,1684,83.88,68.41,61.86,47.72,115.8,97.38,84.87,99.50082486,84.53
England,,1685,85.71,84.02,67.27,55.8,96.61,97.71,95.94,96.2576723,94.55
England,,1686,86.8,70.04,64.51,50.87,107.6,99.94,108.05,107.836579,65.96
England,,1687,86.49,91.37,64.76,48.34,90.87,99.68,102.24,96.86096198,70.41
England,,1688,86.6,91.57,91.52,88.35,69.12,98.48,98.04,84.3618174,94.55
England,,1689,89,86.19,89.84,84.93,69.12,97.94,104.55,87.7937711,112.19
England,,1690,89.64,97.99,94.42,89.67,89.54,98.45,88.8,89.14925535,106.61
England,,1691,91.32,104.97,92.42,86.12,78.95,97.57,91.67,85.65142033,83.53
England,,1692,92.11,119.44,97.22,93.43,90.75,97.59,86.34,88.42633247,78.18
England,,1693,93.28,81.73,96.23,90.8,85.89,97.6,88.8,87.41965931,76.63
England,,1694,93.8,124.11,95.23,89.76,80.75,96.47,83.82,82.36732752,73.69
England,,1695,94.54,106.41,99.91,96.66,86.36,96.43,88.17,87.31272262,98.23
England,,1696,95.45,96.81,99.38,96.94,77.75,93.89,83.68,80.87606967,86.4
England,,1697,96.8,97.27,96.32,92.24,92.14,96.51,74.79,82.99492106,68.15
England,,1698,98.09,99.63,97.28,93.57,103.52,98.79,88.1,95.39008087,71.57
England,,1699,99.11,86.7,97.52,94.9,109.31,98.34,100.35,104.590128,71.18
England,,1700,100,100,100,100,100,100,100,100,100
England,,1701,81.51,101.9,103.26,102.75,118.75,98.98,95.31,107.4974053,81.82
England,,1702,79.83,103.71,100.51,96.28,68.75,99.35,78.13,84.22923255,73.47
England,,1703,94.96,112.83,97.76,92.37,87.5,98.74,112.5,94.7367839,58.9
England,,1704,109.24,110.78,96.95,92.55,106.25,98.4,103.13,102.2272844,72.24
England,,1705,101.26,117.48,101.04,97.67,100,97.42,98.44,98.63693192,73.31
England,,1706,93.28,106.88,99.74,94.42,87.5,97.86,103.13,93.63729548,65.93
England,,1707,117.65,111.74,104.26,100.53,81.25,98.62,101.56,91.11521806,68.12
England,,1708,105.04,109.02,107.08,106.86,106.25,98.73,101.56,102.2763325,67.05
England,,1709,84.03,103.85,67.99,49.05,112.5,98.39,100,104.7717998,67.09
England,,1710,79.83,98.89,70.88,54.22,93.75,100.71,151.56,101.2753602,100.35
England,,1711,55.46,102.07,71.87,58.13,106.25,100.78,100,103.1543112,73.86
England,,1712,55.46,102.07,73.63,61.44,100,102.21,100,101.0464521,76.6
England,,1713,85.71,94.51,68.57,53.38,100,102.91,93.75,100.9376298,65.89
England,,1714,101.68,99.58,74.03,58.9,125,104.1,78.13,110.5920262,76.63
England,,1715,115.97,99.7,79.81,65.58,112.5,105.75,82.81,106.7290731,83.3
England,,1716,81.51,106.32,75.89,54.59,118.75,115.3,75,113.7424319,64.96
England,,1717,96.64,110.58,81.43,58.46,131.25,125.15,115.63,126.7555548,64.41
England,,1718,111.76,112.32,83.57,59.87,118.75,138.76,114.06,128.7562854,62.54
England,,1719,110.08,115.9,87.62,67.09,125,135.89,109.38,129.4528181,61.03
England,,1720,140.34,115.97,95,76.28,125,134.51,103.13,128.2993378,79.01
England,,1721,111.76,116.31,94.12,76.28,137.5,128.99,79.69,128.8374088,58.19
England,,1722,121.01,117.63,102.07,78.17,137.5,122.93,96.88,126.8283406,55.09
England,,1723,106.72,117.54,100.68,71.69,137.5,122.98,95.31,126.7604391,48.23
England,,1724,142.02,112.09,98.95,87.86,131.25,122.95,110.94,125.4855722,46.03
England,,1725,142.86,111.44,101.38,88.44,137.5,122.85,115.63,127.9154013,50.29
England,,1726,117.65,111.08,103.46,70.36,150,120.67,106.25,130.4829929,51.39
England,,1727,115.97,113.37,102.42,70.91,143.75,120.52,110.94,128.4694991,48.94
England,,1728,129.41,106.09,98.95,69.95,131.25,118.37,101.56,122.3542158,50.26
England,,1729,99.16,104.22,95.13,51.65,143.75,114.83,110.94,125.2649962,48.52
England,,1730,111.76,111.33,98.6,69.19,131.25,112.1,107.81,119.0975348,61.32
England,,1731,103.36,109.05,96.52,69.22,137.5,111.3,96.88,120.3619268,46.87
England,,1732,134.45,112.16,97.56,47.13,131.25,107.91,129.69,117.9213013,58.03
England,,1733,123.53,117.32,97.21,58.87,143.75,107.99,114.06,121.5340494,53.64
England,,1734,126.05,109.67,98.6,60.09,131.25,103.24,128.13,114.6758343,53.87
England,,1735,118.49,110.06,102.42,60.9,150,102.53,121.88,120.3490456,61.51
England,,1736,124.37,108.28,108.67,61.55,150,96.87,107.81,117.4333617,58.03
England,,1737,121.01,110.94,108.67,53.31,137.5,98.57,117.19,114.8007406,52.29
England,,1738,113.45,109.37,105.19,53.7,143.75,103.58,93.75,119.1174671,52.06
England,,1739,84.87,113.67,106.58,35.35,131.25,112.4,125,121.6596471,62.99
England,,1740,99.16,104.85,97.56,35.79,168.75,114.2,118.75,134.3385787,67.15
England,,1741,121.85,105.72,98.95,37.58,131.25,115.87,107.81,120.5790364,57.93
England,,1742,131.93,109.45,96.86,37.58,137.5,122.28,125,127.4953786,56.45
England,,1743,125.21,112.82,92.7,38.03,143.75,121.98,131.25,130.4110377,53.26
England,,1744,100.84,115.21,91.31,40.27,137.5,124.67,129.69,129.484841,54.58
England,,1745,118.49,106.4,89.22,39.82,137.5,128.46,120.31,130.8862593,66.47
England,,1746,130.25,105.64,92.7,42.06,143.75,131.09,132.81,135.4253302,58.87
England,,1747,105.04,111.5,96.86,44.3,137.5,136.07,128.13,134.7064556,57.61
England,,1748,131.09,114.7,94.78,44.3,131.25,139.68,139.06,135.2339144,60.96
England,,1749,113.45,111.78,99.64,44.3,150,142.72,79.69,141.6706863,54.51
England,,1750,143.7,118.17,102.42,46.98,137.5,147.57,200,146.1711717,105.38
England,,1751,127.73,115.2,99.99,46.09,156.94,150.88,157.81,154.0020981,60.09
England,,1752,141.18,114.66,105.54,45.19,151.33,152.1,179.69,153.9794832,49.45
England,,1753,139.5,117.57,104.5,44.3,151.99,151.9,179.69,154.4955627,62.15
England,,1754,138.66,116.88,101.03,45.19,159.01,153.34,192.19,158.9516013,52.55
England,,1755,160.5,115.04,101.38,44.74,146.93,153.21,192.19,154.3535874,66.02
England,,1756,152.1,104.24,104.5,40.27,167.74,152.99,192.19,162.8811266,68.54
England,,1757,131.93,102.41,102.42,45.19,156.35,155.37,192.19,160.208906,63.06
England,,1758,131.09,112.66,104.5,43.85,138.13,155.87,192.19,152.7359792,60.9
England,,1759,149.58,112.93,107.97,40.72,172.67,156.18,185.94,166.473268,62.15
England,,1760,123.53,123.22,104.85,41.16,160.9,158.71,192.19,163.2941086,106.9
England,,1761,153.78,121.08,108.67,42.06,159.48,158.34,165.63,161.7498659,75.79
England,,1762,132.77,114.14,112.49,41.16,164.65,159.07,179.69,164.105813,73.34
England,,1763,179.83,110.01,110.05,39.37,182.75,160.66,192.19,171.4854753,67.57
England,,1764,163.87,114.98,120.47,42.06,181.09,164.11,185.94,173.8932969,60.38
England,,1765,205.88,110.05,114.22,41.16,179.43,166.7,192.19,174.1641544,84.01
England,,1766,214.52,105.7,109.71,45.64,194.96,165.68,214.06,180.1448098,75.21
England,,1767,171.29,104.34,107.62,53.69,184.49,166.61,200,176.3682653,71.44
England,,1768,185.82,110.57,104.85,48.32,193.7,166.63,185.94,179.8152289,74.4
England,,1769,201.77,109.44,107.28,51.9,203.09,167.31,200,184.3868641,63.54
England,,1770,201.8,109.85,107.97,51.45,198.94,167.53,206.25,184.6181381,101.55
England,,1771,253.21,109.78,111.1,51.9,220.91,166.39,200,189.3585125,66.05
England,,1772,263.74,113.83,114.22,53.24,236.2,160.68,220.31,190.8280382,75.24
England,,1773,242.64,110.11,117,55.93,216.71,158.9,200,183.2359225,68.38
England,,1774,214.77,109.01,114.92,43.85,203.99,158.13,171.88,179.0360427,73.37
England,,1775,258.48,112.22,113.87,45.64,219.41,158.98,185.94,184.3755393,102.26
England,,1776,252.79,102.79,111.79,47.43,239.11,159.81,185.94,190.1244346,74.79
England,,1777,264.88,104.96,115.61,48.77,237.23,164.21,192.19,192.2728674,83.14
England,,1778,278.73,106.7,116.65,54.59,227.44,164.29,179.69,187.6118585,69.15
England,,1779,267.51,109.24,113.87,49.22,216.97,162.48,185.94,186.4206894,69.12
England,,1780,260.26,116.97,113.53,42.95,245.42,158.18,206.25,189.6795909,136.33
England,,1781,263.3,111.24,116.3,43.85,245.68,157.3,185.94,190.0925477,74.98
England,,1782,284.95,114.54,119.78,51.9,245.95,166,179.69,194.7929771,80.72
England,,1783,456.28,99.83,121.86,55.48,262.1,170.42,179.69,205.6319187,81.08
England,,1784,316.83,124.43,119.08,53.24,270.33,166.58,185.94,206.4800546,65.25
England,,1785,305.97,121.97,122.55,54.59,278.58,192.38,200,225.1931547,69.49
England,,1786,389.46,118.2,121.16,57.27,283.35,213.61,234.38,242.1332159,60.61
England,,1787,403.31,123.85,122.55,59.06,255.19,225.7,226.56,239.408919,61
England,,1788,369.74,123.33,124.64,55.48,301.26,250.07,165.63,260.4372829,68.34
England,,1789,331.43,121.7,118.39,58.17,323.18,261.36,240.63,278.2062501,66.02
England,,1790,376.15,122.77,128.46,59.51,311.08,292.59,220.31,290.1490364,125.09
England,,1791,347.98,132.51,130.19,57.27,334.23,302.4,240.63,305.2046087,75.29
England,,1792,491.85,138.49,129.84,68.46,339.95,318.77,268.75,318.6217244,84.17
England,,1793,389.21,138.24,134.36,61.75,320.25,333.83,226.56,317.9964295,96.91
England,,1794,341.78,138.87,137.83,58.17,309.19,336.33,234.38,317.2545668,89.57
England,,1795,378.4,138.88,135.4,67.56,356.26,354.75,240.63,343.2871839,94.98
England,,1796,536.88,148.12,145.12,68.01,326.96,357.35,214.06,332.698252,86.1
England,,1797,421.42,156.4,134.36,66.22,347.75,415.63,226.56,372.766809,85.32
England,,1798,322.97,153.11,134.36,63.09,308.88,456,200,381.0842875,89.18
England,,1799,318.58,160.16,129.5,72.04,355.81,477.13,200,406.0048429,85.32
England,,1800,420.58,124.72,135.05,72.93,421.28,534.73,179.69,458.2284525,387.24
England,,1801,484.22,124.59,138.87,64.43,359.34,590.89,165.63,466.6869797,179.53
England,,1802,367.73,136.12,142.45,65.33,431.96,610.82,185.94,510.0635921,127.79
England,,1803,429.43,139.81,125.27,66.67,432.29,659.95,206.25,535.5985399,159.84
England,,1804,422.96,133.18,125.99,73.38,480.23,641.42,214.06,552.8153614,138.22
England,,1805,447.23,135.18,143.17,77.41,480.76,653.25,192.19,565.7879555,192.65
England,,1806,350.08,139.68,141.02,76.06,502.17,711.13,206.25,603.0255802,184.93
England,,1807,505.56,144.56,139.59,72.93,454.55,769.5,171.88,596.7170742,182.23
England,,1808,300.38,145.84,144.6,68.46,525.58,803.73,165.63,643.0512442,176.44
England,,1809,367.35,136.25,151.04,75.17,467.72,801.92,179.69,618.9274644,168.33
England,,1810,636.14,142.82,153.9,70.69,539.27,819.02,145.31,649.0602792,258.67
England,,1811,653.42,156.46,143.17,68.01,539.72,903.63,165.63,686.4933357,197.29
England,,1812,464.91,146.94,135.29,71.59,550.15,898.51,165.63,693.903028,236.28
England,,1813,347.64,145.45,153.9,81.88,539.43,884.77,165.63,685.1576444,205.39
England,,1814,249.84,151.94,157.48,79.64,614.11,866.34,185.94,713.4988458,187.63
England,,1815,538.6,152.25,178.96,80.99,614.36,854.59,206.25,712.8113868,222
England,,1816,412.15,149.1,181.82,75.17,656,707.11,234.38,676.6246514,194.58
England,,1817,394.72,155.82,200.43,80.09,610.17,690.75,289.06,650.6822506,203.85
England,,1818,448.19,165.4,193.27,88.59,651.51,732.92,282.81,692.5485021,219.29
England,,1819,543.56,164.21,184.68,82.33,627.62,727.37,234.38,676.3374239,214.27
England,,1820,516.47,189.95,171.8,77.85,679.37,825.64,206.25,742.5440608,316.97
England,,1821,533.55,164.46,173.23,84.56,664.77,993.19,234.38,811.018175,210.8
England,,1822,522.16,174.17,176.81,86.35,693.75,924.1,226.56,802.2963674,242.46
England,,1823,554.88,161.39,193.99,87.7,778.82,1140.21,295.31,925.5388659,238.21
England,,1824,631.94,172.65,209.74,90.83,786.81,1339.8,351.56,1013.887337,301.53
England,,1825,711.42,193.37,206.87,106.49,806.15,1401.9,303.13,1049.470687,324.31
England,,1826,721.46,200.54,182.54,87.7,863.83,1270.56,323.44,1034.330025,391.48
England,,1827,605.96,186.54,198.28,97.09,797.98,1666.93,385.94,1173.343358,305
England,,1828,654.23,202.01,229.78,99.33,810.12,1690.71,343.75,1185.732775,278.75
England,,1829,743.88,200.59,234.08,94.86,886.58,1665.77,309.38,1207.006878,286.86
England,,1830,680.36,211.41,244.81,104.25,960.87,1648.81,309.38,1246.161574,406.93
England,,1831,804.06,231.5,224.05,102.46,970.54,1460.24,303.13,1185.61692,342.07
England,,1832,872.13,214.15,199.72,99.78,1035.42,1542.25,303.13,1234.925236,406.54
England,,1833,838.18,222.96,231.93,107.83,1045.32,1905.14,282.81,1319.6197,323.53
England,,1834,802.29,226.71,256.98,113.65,1054.76,1925.14,206.25,1367.31384,347.09
England,,1835,990.34,233.13,240.52,108.28,1146.48,2278.37,295.31,1509.413067,403.84
England,,1836,914.36,238.87,252.69,126.62,1203.68,2373.65,282.81,1535.281282,386.08
England,,1837,1012.35,232.52,241.23,114.54,1314.07,2538.28,329.69,1590.797866,366.39
England,,1838,966.74,236.26,248.39,117.23,1329.91,2758.14,357.81,1699.365367,428.55
England,,1839,982.72,236.09,260.56,122.15,1322.11,3049.79,371.88,1834.067581,439.36
England,,1840,958.4,241.31,243.38,115.44,1355.69,3408.59,364.06,1944.924814,518.5
England,,1841,914.18,237.59,291.34,119.02,1414.64,3587.99,362.5,1971.584578,424.3
England,,1842,673.49,230.58,315.68,110.52,1431.09,2556.44,362.5,1703.640146,433.57
England,,1843,873.31,230.43,315.68,113.2,1373.99,2690.99,371.88,1823.267584,445.54
England,,1844,923.9,233.22,346.46,126.18,1348.59,4798.93,400,2424.55327,480.67
England,,1845,1338.09,239.26,348.61,133.78,1656.76,3677.69,420.31,2210.924259,577.58
England,,1846,1517.26,246.15,292.77,127.07,1575.55,4215.88,434.38,2387.831703,581.44
England,,1847,1246.73,249.69,321.41,122.6,1790.89,4664.38,446.88,2543.290832,528.16
England,,1848,1346.57,242.65,302.8,128.41,1849.81,4843.78,460.94,2655.124677,494.57
England,,1849,1134.81,256.51,317.83,125.28,1747.88,4933.48,481.25,2687.692089,543.21
England,,1850,1058.09,273.32,297.78,121.25,1912.75,5381.98,468.75,2858.828085,667.53
England,,1851,1066.36,285.3,313.53,127.97,2083.54,5875.33,426.56,3061.088106,571.01
England,,1852,1113.91,249.58,282.75,137.81,2072.63,6234.12,434.38,3207.110945,594.18
England,,1853,1341.04,263.22,377.96,157.5,2050.82,6772.32,400,3422.044221,623.9
England,,1854,1508.17,295.71,309.24,137.81,2454.43,7041.42,412.5,3635.428952,614.25
England,,1855,1459.81,257.37,297.07,125.28,2496.92,7400.22,420.31,3788.704289,624.29
England,,1856,1403.61,277.25,308.52,133.33,2581.9,8207.52,426.56,4096.301747,586.07
England,,1857,1487.76,298.92,414.46,138.7,2676.67,8207.52,460.94,4119.407605,615.8
England,,1858,1574.92,301.42,305.66,144.97,2624.38,7803.87,481.25,3962.91071,569.08
England,,1859,1671.1,282.4,347.18,150.78,2706.09,8611.17,495.31,4225.087356,633.17
England,,1860,1782.31,285.83,339.3,157.5,2872.77,8835.41,468.75,4397.464992,699.96
England,,1861,1610.99,301.02,324.99,138.7,2915.25,8431.77,523.44,4373.560318,584.94
England,,1862,2016.75,342.16,340.02,158.84,2977.35,8925.11,592.19,4596.356107,585.61
England,,1863,2109.92,343.38,349.32,154.36,3127.69,10315.46,701.56,4907.91854,596.46
England,,1864,2236.15,335.12,383.68,182.1,3238.81,11033.06,709.38,5233.485983,633.68
England,,1865,2335.34,322.89,391.56,170.92,3343.39,10943.36,701.56,5331.677557,642.87
England,,1866,2422.5,323.57,442.38,202.24,3428.36,10270.61,698.44,5213.097432,579.3
England,,1867,2515.67,326.08,378.67,188.37,3477.39,10808.81,606.25,5270.744471,604.58
England,,1868,2593.82,372.22,423.05,199.55,3536.22,11391.85,646.88,5450.852215,635.63
England,,1869,2662.95,372.41,365.07,196.87,3624.46,12333.7,681.25,5744.671442,603.67
England,,1870,2744.1,368.31,445.24,214.32,3774.8,13679.2,715.63,6177.580169,667.81